file,algorithm,solution,time,Gsize,Hsize
config-39_39-30_38.dat,greedy,,0.00500178337097168,39,30
config-39_39-30_38.dat,local,,0.0030002593994140625,39,30
config-39_39-30_38.dat,grasp,,0.013002634048461914,39,30
