file,algorithm,solution,time,Gsize,Hsize
config-39_39-30_38.dat,greedy,,0.21904921531677246,39,30
config-39_39-30_38.dat,local,,0.21905112266540527,39,30
config-39_39-30_38.dat,grasp,,0.03700685501098633,39,30
