file,alpha,solution,time,Gsize,Hsize
config-39_39-30_38.dat,0.1,,0.010002374649047852,39,30
config-39_39-30_38.dat,0.2,,0.011002063751220703,39,30
config-39_39-30_38.dat,0.3,,0.009001731872558594,39,30
config-39_39-30_38.dat,0.4,,0.01000213623046875,39,30
config-39_39-30_38.dat,0.5,,0.010002851486206055,39,30
config-39_39-30_38.dat,0.6,,0.009002208709716797,39,30
config-39_39-30_38.dat,0.7,,0.01600503921508789,39,30
config-39_39-30_38.dat,0.8,,0.011002779006958008,39,30
config-39_39-30_38.dat,0.9,,0.011002779006958008,39,30
